method,dataset,site,horizon_steps,forecast_kind,mae,rmse,sum_absolute_error,sum_squared_error,points,origins
E0_last_value,MMSP_published_series,13,1,raw,0.05547352135181427,0.09533944725990295,141.18011474609375,23.133056640625,2545,2545
E0_last_value,MMSP_published_series,13,1,post,0.05547352135181427,0.09533944725990295,141.18011474609375,23.133056640625,2545,2545
E0_last_value,MMSP_published_series,13,4,raw,0.11770336329936981,0.19959264993667603,1198.22021484375,405.54296875,10180,2545
E0_last_value,MMSP_published_series,13,4,post,0.11770336329936981,0.19959264993667603,1198.22021484375,405.54296875,10180,2545
E0_last_value,MMSP_published_series,13,24,raw,0.22555026412010193,0.33182328939437866,13776.6103515625,6725.3173828125,61080,2545
E0_last_value,MMSP_published_series,13,24,post,0.22555026412010193,0.33182328939437866,13776.6103515625,6725.3173828125,61080,2545
E0_daily_seasonal_persistence,MMSP_published_series,13,1,raw,0.06230281665921211,0.14278915524482727,158.5606689453125,51.889347076416016,2545,2545
E0_daily_seasonal_persistence,MMSP_published_series,13,1,post,0.06230281665921211,0.14278915524482727,158.5606689453125,51.889347076416016,2545,2545
E0_daily_seasonal_persistence,MMSP_published_series,13,4,raw,0.06230282410979271,0.14278915524482727,634.2427368164062,207.55738830566406,10180,2545
E0_daily_seasonal_persistence,MMSP_published_series,13,4,post,0.06230282410979271,0.14278915524482727,634.2427368164062,207.55738830566406,10180,2545
E0_daily_seasonal_persistence,MMSP_published_series,13,24,raw,0.06225491687655449,0.14277544617652893,3802.5302734375,1245.1053466796875,61080,2545
E0_daily_seasonal_persistence,MMSP_published_series,13,24,post,0.06225491687655449,0.14277544617652893,3802.5302734375,1245.1053466796875,61080,2545
E0_past_7_days_same_hour_mean,MMSP_published_series,13,1,raw,0.06911090761423111,0.13683129847049713,175.88726806640625,47.64954376220703,2545,2545
E0_past_7_days_same_hour_mean,MMSP_published_series,13,1,post,0.06911090761423111,0.13683129847049713,175.88726806640625,47.64954376220703,2545,2545
E0_past_7_days_same_hour_mean,MMSP_published_series,13,4,raw,0.06911090761423111,0.13683131337165833,703.5490112304688,190.5981903076172,10180,2545
E0_past_7_days_same_hour_mean,MMSP_published_series,13,4,post,0.06911090761423111,0.13683131337165833,703.5490112304688,190.5981903076172,10180,2545
E0_past_7_days_same_hour_mean,MMSP_published_series,13,24,raw,0.06894487887620926,0.136720672249794,4211.1533203125,1141.7406005859375,61080,2545
E0_past_7_days_same_hour_mean,MMSP_published_series,13,24,post,0.06894487887620926,0.136720672249794,4211.1533203125,1141.7406005859375,61080,2545
E1_original_chronos2,MMSP_published_series,13,1,raw,0.02607210911810398,0.05834440886974335,66.353515625,8.663358688354492,2545,2545
E1_original_chronos2,MMSP_published_series,13,1,post,0.026054037734866142,0.0583440437912941,66.30752563476562,8.663249969482422,2545,2545
E1_original_chronos2,MMSP_published_series,13,4,raw,0.03421160951256752,0.07676734775304794,348.274169921875,59.993038177490234,10180,2545
E1_original_chronos2,MMSP_published_series,13,4,post,0.034203190356492996,0.07676706463098526,348.1884765625,59.99259948730469,10180,2545
E1_original_chronos2,MMSP_published_series,13,24,raw,0.052772633731365204,0.11800746619701385,3223.3525390625,850.5855102539062,61080,2545
E1_original_chronos2,MMSP_published_series,13,24,post,0.0527680404484272,0.11800726503133774,3223.072021484375,850.5827026367188,61080,2545
E0_last_value,MMSP_published_series,31,1,raw,0.060949936509132385,0.10190001875162125,155.11758422851562,26.42629623413086,2545,2545
E0_last_value,MMSP_published_series,31,1,post,0.06105905398726463,0.10189396888017654,155.39529418945312,26.423158645629883,2545,2545
E0_last_value,MMSP_published_series,31,4,raw,0.12354188412427902,0.2014162242412567,1257.6563720703125,412.9873046875,10180,2545
E0_last_value,MMSP_published_series,31,4,post,0.1235942468047142,0.20137809216976166,1258.189453125,412.8309326171875,10180,2545
E0_last_value,MMSP_published_series,31,24,raw,0.23185455799102783,0.32854971289634705,14161.6767578125,6593.27490234375,61080,2545
E0_last_value,MMSP_published_series,31,24,post,0.23179195821285248,0.32842564582824707,14157.8525390625,6588.29638671875,61080,2545
E0_daily_seasonal_persistence,MMSP_published_series,31,1,raw,0.07123865187168121,0.1470179706811905,181.3023681640625,55.00835037231445,2545,2545
E0_daily_seasonal_persistence,MMSP_published_series,31,1,post,0.07139401137828827,0.14701780676841736,181.69775390625,55.00823211669922,2545,2545
E0_daily_seasonal_persistence,MMSP_published_series,31,4,raw,0.0712386965751648,0.1470179706811905,725.2099609375,220.03341674804688,10180,2545
E0_daily_seasonal_persistence,MMSP_published_series,31,4,post,0.07139398157596588,0.14701780676841736,726.7907104492188,220.03292846679688,10180,2545
E0_daily_seasonal_persistence,MMSP_published_series,31,24,raw,0.07106900960206985,0.14682452380657196,4340.89501953125,1316.7286376953125,61080,2545
E0_daily_seasonal_persistence,MMSP_published_series,31,24,post,0.07122426480054855,0.14682437479496002,4350.3779296875,1316.725830078125,61080,2545
E0_past_7_days_same_hour_mean,MMSP_published_series,31,1,raw,0.05649460852146149,0.11197219789028168,143.77877807617188,31.908632278442383,2545,2545
E0_past_7_days_same_hour_mean,MMSP_published_series,31,1,post,0.05665925145149231,0.11197274178266525,144.1977996826172,31.90894317626953,2545,2545
E0_past_7_days_same_hour_mean,MMSP_published_series,31,4,raw,0.05649460107088089,0.11197219789028168,575.1150512695312,127.63453674316406,10180,2545
E0_past_7_days_same_hour_mean,MMSP_published_series,31,4,post,0.05665922909975052,0.11197274178266525,576.7909545898438,127.63577270507812,10180,2545
E0_past_7_days_same_hour_mean,MMSP_published_series,31,24,raw,0.05641047656536102,0.11190713196992874,3445.552001953125,764.91748046875,61080,2545
E0_past_7_days_same_hour_mean,MMSP_published_series,31,24,post,0.05657532066106796,0.11190768331289291,3455.62060546875,764.9249267578125,61080,2545
E1_original_chronos2,MMSP_published_series,31,1,raw,0.034849729388952255,0.0702783465385437,88.69256591796875,12.569872856140137,2545,2545
E1_original_chronos2,MMSP_published_series,31,1,post,0.034853287041187286,0.07027833163738251,88.70161437988281,12.569868087768555,2545,2545
E1_original_chronos2,MMSP_published_series,31,4,raw,0.04399802163243294,0.09033340960741043,447.89984130859375,83.07007598876953,10180,2545
E1_original_chronos2,MMSP_published_series,31,4,post,0.0439998023211956,0.09033340960741043,447.9179992675781,83.070068359375,10180,2545
E1_original_chronos2,MMSP_published_series,31,24,raw,0.055137164890766144,0.11299608647823334,3367.778076171875,779.87646484375,61080,2545
E1_original_chronos2,MMSP_published_series,31,24,post,0.055139049887657166,0.11299609392881393,3367.89306640625,779.8765869140625,61080,2545
E0_last_value,MMSP_published_series,32,1,raw,0.05782046169042587,0.09609653055667877,147.153076171875,23.501911163330078,2545,2545
E0_last_value,MMSP_published_series,32,1,post,0.05782046169042587,0.09609653055667877,147.153076171875,23.501911163330078,2545,2545
E0_last_value,MMSP_published_series,32,4,raw,0.12367526441812515,0.20347145199775696,1259.01416015625,421.45843505859375,10180,2545
E0_last_value,MMSP_published_series,32,4,post,0.12367526441812515,0.20347145199775696,1259.01416015625,421.45843505859375,10180,2545
E0_last_value,MMSP_published_series,32,24,raw,0.23849661648273468,0.33808043599128723,14567.373046875,6981.34521484375,61080,2545
E0_last_value,MMSP_published_series,32,24,post,0.23849661648273468,0.33808043599128723,14567.373046875,6981.34521484375,61080,2545
E0_daily_seasonal_persistence,MMSP_published_series,32,1,raw,0.06398551911115646,0.13529624044895172,162.84315490722656,46.5864143371582,2545,2545
E0_daily_seasonal_persistence,MMSP_published_series,32,1,post,0.06398551911115646,0.13529624044895172,162.84315490722656,46.5864143371582,2545,2545
E0_daily_seasonal_persistence,MMSP_published_series,32,4,raw,0.06398551911115646,0.13529625535011292,651.3726196289062,186.34567260742188,10180,2545
E0_daily_seasonal_persistence,MMSP_published_series,32,4,post,0.06398551911115646,0.13529625535011292,651.3726196289062,186.34567260742188,10180,2545
E0_daily_seasonal_persistence,MMSP_published_series,32,24,raw,0.06381498277187347,0.13511739671230316,3897.819091796875,1115.1199951171875,61080,2545
E0_daily_seasonal_persistence,MMSP_published_series,32,24,post,0.06381498277187347,0.13511739671230316,3897.819091796875,1115.1199951171875,61080,2545
E0_past_7_days_same_hour_mean,MMSP_published_series,32,1,raw,0.056545764207839966,0.11470748484134674,143.90896606445312,33.48661804199219,2545,2545
E0_past_7_days_same_hour_mean,MMSP_published_series,32,1,post,0.056545764207839966,0.11470748484134674,143.90896606445312,33.48661804199219,2545,2545
E0_past_7_days_same_hour_mean,MMSP_published_series,32,4,raw,0.056545764207839966,0.11470749229192734,575.6358642578125,133.9464874267578,10180,2545
E0_past_7_days_same_hour_mean,MMSP_published_series,32,4,post,0.056545764207839966,0.11470749229192734,575.6358642578125,133.9464874267578,10180,2545
E0_past_7_days_same_hour_mean,MMSP_published_series,32,24,raw,0.056500714272260666,0.1146705225110054,3451.063720703125,803.1610717773438,61080,2545
E0_past_7_days_same_hour_mean,MMSP_published_series,32,24,post,0.056500714272260666,0.1146705225110054,3451.063720703125,803.1610717773438,61080,2545
E1_original_chronos2,MMSP_published_series,32,1,raw,0.0284302718937397,0.05946202576160431,72.35504150390625,8.99843978881836,2545,2545
E1_original_chronos2,MMSP_published_series,32,1,post,0.028421655297279358,0.05946191027760506,72.33311462402344,8.998404502868652,2545,2545
E1_original_chronos2,MMSP_published_series,32,4,raw,0.03802831098437309,0.0801413506269455,387.1282043457031,65.38243865966797,10180,2545
E1_original_chronos2,MMSP_published_series,32,4,post,0.0380232036113739,0.08014131337404251,387.0762023925781,65.38236999511719,10180,2545
E1_original_chronos2,MMSP_published_series,32,24,raw,0.05078341066837311,0.10749141126871109,3101.850830078125,705.7429809570312,61080,2545
E1_original_chronos2,MMSP_published_series,32,24,post,0.050781022757291794,0.1074913963675499,3101.704833984375,705.7427978515625,61080,2545
E0_last_value,MMSP_published_series,36,1,raw,0.06053956598043442,0.10030802339315414,154.0731964111328,25.607027053833008,2545,2545
E0_last_value,MMSP_published_series,36,1,post,0.06053956598043442,0.10030802339315414,154.0731964111328,25.607027053833008,2545,2545
E0_last_value,MMSP_published_series,36,4,raw,0.12506653368473053,0.20582887530326843,1273.17724609375,431.2810974121094,10180,2545
E0_last_value,MMSP_published_series,36,4,post,0.12506653368473053,0.20582887530326843,1273.17724609375,431.2810974121094,10180,2545
E0_last_value,MMSP_published_series,36,24,raw,0.24092493951320648,0.34130990505218506,14715.6953125,7115.35888671875,61080,2545
E0_last_value,MMSP_published_series,36,24,post,0.24092493951320648,0.34130990505218506,14715.6953125,7115.35888671875,61080,2545
E0_daily_seasonal_persistence,MMSP_published_series,36,1,raw,0.0637049749493599,0.13188393414020538,162.12916564941406,44.26612854003906,2545,2545
E0_daily_seasonal_persistence,MMSP_published_series,36,1,post,0.0637049749493599,0.13188393414020538,162.12916564941406,44.26612854003906,2545,2545
E0_daily_seasonal_persistence,MMSP_published_series,36,4,raw,0.0637049749493599,0.13188393414020538,648.5166625976562,177.06454467773438,10180,2545
E0_daily_seasonal_persistence,MMSP_published_series,36,4,post,0.0637049749493599,0.13188393414020538,648.5166625976562,177.06454467773438,10180,2545
E0_daily_seasonal_persistence,MMSP_published_series,36,24,raw,0.06360910832881927,0.13182847201824188,3885.244384765625,1061.4937744140625,61080,2545
E0_daily_seasonal_persistence,MMSP_published_series,36,24,post,0.06360910832881927,0.13182847201824188,3885.244384765625,1061.4937744140625,61080,2545
E0_past_7_days_same_hour_mean,MMSP_published_series,36,1,raw,0.05681682378053665,0.11607706546783447,144.59881591796875,34.291038513183594,2545,2545
E0_past_7_days_same_hour_mean,MMSP_published_series,36,1,post,0.05681682378053665,0.11607706546783447,144.59881591796875,34.291038513183594,2545,2545
E0_past_7_days_same_hour_mean,MMSP_published_series,36,4,raw,0.05681682378053665,0.11607706546783447,578.395263671875,137.16415405273438,10180,2545
E0_past_7_days_same_hour_mean,MMSP_published_series,36,4,post,0.05681682378053665,0.11607706546783447,578.395263671875,137.16415405273438,10180,2545
E0_past_7_days_same_hour_mean,MMSP_published_series,36,24,raw,0.05691119655966759,0.1161179319024086,3476.135986328125,823.5645141601562,61080,2545
E0_past_7_days_same_hour_mean,MMSP_published_series,36,24,post,0.05691119655966759,0.1161179319024086,3476.135986328125,823.5645141601562,61080,2545
E1_original_chronos2,MMSP_published_series,36,1,raw,0.031369611620903015,0.06264498829841614,79.83566284179688,9.987584114074707,2545,2545
E1_original_chronos2,MMSP_published_series,36,1,post,0.031357795000076294,0.06264490634202957,79.80558776855469,9.987558364868164,2545,2545
E1_original_chronos2,MMSP_published_series,36,4,raw,0.039659325033426285,0.0815083384513855,403.73193359375,67.63194274902344,10180,2545
E1_original_chronos2,MMSP_published_series,36,4,post,0.03965241461992264,0.08150830119848251,403.6615905761719,67.63188171386719,10180,2545
E1_original_chronos2,MMSP_published_series,36,24,raw,0.052947867661714554,0.11045461893081665,3234.0556640625,745.1895751953125,61080,2545
E1_original_chronos2,MMSP_published_series,36,24,post,0.05294476076960564,0.11045461148023605,3233.865966796875,745.189453125,61080,2545
E0_last_value,MMSP_published_series,48,1,raw,0.06481602787971497,0.11456312984228134,164.956787109375,33.40238952636719,2545,2545
E0_last_value,MMSP_published_series,48,1,post,0.06546099483966827,0.11454355716705322,166.59823608398438,33.39097595214844,2545,2545
E0_last_value,MMSP_published_series,48,4,raw,0.12818555533885956,0.21655482053756714,1304.928955078125,477.4011535644531,10180,2545
E0_last_value,MMSP_published_series,48,4,post,0.1286325752735138,0.21641524136066437,1309.4796142578125,476.78594970703125,10180,2545
E0_last_value,MMSP_published_series,48,24,raw,0.24080246686935425,0.35053110122680664,14708.21484375,7505.025390625,61080,2545
E0_last_value,MMSP_published_series,48,24,post,0.24077121913433075,0.3501341640949249,14706.3056640625,7488.03759765625,61080,2545
E0_daily_seasonal_persistence,MMSP_published_series,48,1,raw,0.0819617286324501,0.17389589548110962,208.59259033203125,76.96024322509766,2545,2545
E0_daily_seasonal_persistence,MMSP_published_series,48,1,post,0.08264946937561035,0.17382869124412537,210.3428955078125,76.90077209472656,2545,2545
E0_daily_seasonal_persistence,MMSP_published_series,48,4,raw,0.0819617286324501,0.17389588057994843,834.370361328125,307.8409423828125,10180,2545
E0_daily_seasonal_persistence,MMSP_published_series,48,4,post,0.08264946937561035,0.17382869124412537,841.37158203125,307.60308837890625,10180,2545
E0_daily_seasonal_persistence,MMSP_published_series,48,24,raw,0.08185403794050217,0.17382566630840302,4999.64453125,1845.55419921875,61080,2545
E0_daily_seasonal_persistence,MMSP_published_series,48,24,post,0.08254067599773407,0.17375843226909637,5041.58447265625,1844.1268310546875,61080,2545
E0_past_7_days_same_hour_mean,MMSP_published_series,48,1,raw,0.0724429115653038,0.14324653148651123,184.36721801757812,52.22229766845703,2545,2545
E0_past_7_days_same_hour_mean,MMSP_published_series,48,1,post,0.0731610357761383,0.14325091242790222,186.19483947753906,52.225494384765625,2545,2545
E0_past_7_days_same_hour_mean,MMSP_published_series,48,4,raw,0.0724429115653038,0.14324653148651123,737.4688720703125,208.8892059326172,10180,2545
E0_past_7_days_same_hour_mean,MMSP_published_series,48,4,post,0.0731610432267189,0.14325091242790222,744.7794189453125,208.90199279785156,10180,2545
E0_past_7_days_same_hour_mean,MMSP_published_series,48,24,raw,0.07260320335626602,0.14340776205062866,4434.603515625,1256.1583251953125,61080,2545
E0_past_7_days_same_hour_mean,MMSP_published_series,48,24,post,0.07332014292478561,0.14341214299201965,4478.39453125,1256.235107421875,61080,2545
E1_original_chronos2,MMSP_published_series,48,1,raw,0.037944626063108444,0.08013279736042023,96.56907653808594,16.342121124267578,2545,2545
E1_original_chronos2,MMSP_published_series,48,1,post,0.038042135536670685,0.08013357222080231,96.8172378540039,16.342437744140625,2545,2545
E1_original_chronos2,MMSP_published_series,48,4,raw,0.05019954591989517,0.10428912192583084,511.0313720703125,110.71992492675781,10180,2545
E1_original_chronos2,MMSP_published_series,48,4,post,0.05027271434664726,0.10428980737924576,511.7762451171875,110.72138977050781,10180,2545
E1_original_chronos2,MMSP_published_series,48,24,raw,0.06781716644763947,0.1420980542898178,4142.2724609375,1233.318603515625,61080,2545
E1_original_chronos2,MMSP_published_series,48,24,post,0.06786485761404037,0.14209523797035217,4145.185546875,1233.2698974609375,61080,2545
E0_last_value,MMSP_published_series,51,1,raw,0.06327689439058304,0.10643354058265686,161.03970336914062,28.830013275146484,2545,2545
E0_last_value,MMSP_published_series,51,1,post,0.06327689439058304,0.10643354058265686,161.03970336914062,28.830013275146484,2545,2545
E0_last_value,MMSP_published_series,51,4,raw,0.1283116340637207,0.20872166752815247,1306.21240234375,443.4889831542969,10180,2545
E0_last_value,MMSP_published_series,51,4,post,0.1283116340637207,0.20872166752815247,1306.21240234375,443.4889831542969,10180,2545
E0_last_value,MMSP_published_series,51,24,raw,0.2442331165075302,0.342902272939682,14917.7587890625,7181.90673828125,61080,2545
E0_last_value,MMSP_published_series,51,24,post,0.2442331165075302,0.342902272939682,14917.7587890625,7181.90673828125,61080,2545
E0_daily_seasonal_persistence,MMSP_published_series,51,1,raw,0.0666700229048729,0.14072473347187042,169.6752166748047,50.3997802734375,2545,2545
E0_daily_seasonal_persistence,MMSP_published_series,51,1,post,0.0666700229048729,0.14072473347187042,169.6752166748047,50.3997802734375,2545,2545
E0_daily_seasonal_persistence,MMSP_published_series,51,4,raw,0.0666700229048729,0.14072473347187042,678.7008056640625,201.59912109375,10180,2545
E0_daily_seasonal_persistence,MMSP_published_series,51,4,post,0.0666700229048729,0.14072473347187042,678.7008056640625,201.59912109375,10180,2545
E0_daily_seasonal_persistence,MMSP_published_series,51,24,raw,0.0665975883603096,0.14068488776683807,4067.78076171875,1208.909912109375,61080,2545
E0_daily_seasonal_persistence,MMSP_published_series,51,24,post,0.0665975883603096,0.14068488776683807,4067.78076171875,1208.909912109375,61080,2545
E0_past_7_days_same_hour_mean,MMSP_published_series,51,1,raw,0.058752406388521194,0.11590398102998734,149.52487182617188,34.18885040283203,2545,2545
E0_past_7_days_same_hour_mean,MMSP_published_series,51,1,post,0.058752406388521194,0.11590398102998734,149.52487182617188,34.18885040283203,2545,2545
E0_past_7_days_same_hour_mean,MMSP_published_series,51,4,raw,0.058752406388521194,0.11590398102998734,598.0994873046875,136.75540161132812,10180,2545
E0_past_7_days_same_hour_mean,MMSP_published_series,51,4,post,0.058752406388521194,0.11590398102998734,598.0994873046875,136.75540161132812,10180,2545
E0_past_7_days_same_hour_mean,MMSP_published_series,51,24,raw,0.05880315974354744,0.11592641472816467,3591.697021484375,820.8500366210938,61080,2545
E0_past_7_days_same_hour_mean,MMSP_published_series,51,24,post,0.05880315974354744,0.11592641472816467,3591.697021484375,820.8500366210938,61080,2545
E1_original_chronos2,MMSP_published_series,51,1,raw,0.03413603827357292,0.07161969691514969,86.876220703125,13.054274559020996,2545,2545
E1_original_chronos2,MMSP_published_series,51,1,post,0.03412134572863579,0.07161957025527954,86.83882141113281,13.054226875305176,2545,2545
E1_original_chronos2,MMSP_published_series,51,4,raw,0.043879494071006775,0.09207925200462341,446.6932373046875,86.31202697753906,10180,2545
E1_original_chronos2,MMSP_published_series,51,4,post,0.04387092590332031,0.09207909554243088,446.60601806640625,86.31173706054688,10180,2545
E1_original_chronos2,MMSP_published_series,51,24,raw,0.05354905128479004,0.11242859810590744,3270.776123046875,772.062744140625,61080,2545
E1_original_chronos2,MMSP_published_series,51,24,post,0.053545109927654266,0.11242855340242386,3270.535400390625,772.0621948242188,61080,2545
E0_last_value,MMSP_published_series,68,1,raw,0.06746824085712433,0.11797346919775009,171.70668029785156,35.42064666748047,2545,2545
E0_last_value,MMSP_published_series,68,1,post,0.06746722757816315,0.1179734542965889,171.7041015625,35.42063903808594,2545,2545
E0_last_value,MMSP_published_series,68,4,raw,0.1404716968536377,0.23491650819778442,1430.0018310546875,561.7910766601562,10180,2545
E0_last_value,MMSP_published_series,68,4,post,0.14047066867351532,0.23491603136062622,1429.991455078125,561.788818359375,10180,2545
E0_last_value,MMSP_published_series,68,24,raw,0.26335033774375916,0.3823379874229431,16085.439453125,8928.81640625,61080,2545
E0_last_value,MMSP_published_series,68,24,post,0.263349324464798,0.3823375105857849,16085.376953125,8928.794921875,61080,2545
E0_daily_seasonal_persistence,MMSP_published_series,68,1,raw,0.07393163442611694,0.16343051195144653,188.156005859375,67.97575378417969,2545,2545
E0_daily_seasonal_persistence,MMSP_published_series,68,1,post,0.07393062114715576,0.16343048214912415,188.15342712402344,67.97573852539062,2545,2545
E0_daily_seasonal_persistence,MMSP_published_series,68,4,raw,0.07393163442611694,0.16343049705028534,752.6240234375,271.9029846191406,10180,2545
E0_daily_seasonal_persistence,MMSP_published_series,68,4,post,0.07393062114715576,0.16343048214912415,752.6137084960938,271.9029541015625,10180,2545
E0_daily_seasonal_persistence,MMSP_published_series,68,24,raw,0.07381696254014969,0.16335640847682953,4508.740234375,1629.93896484375,61080,2545
E0_daily_seasonal_persistence,MMSP_published_series,68,24,post,0.07381594926118851,0.16335639357566833,4508.67822265625,1629.938720703125,61080,2545
E0_past_7_days_same_hour_mean,MMSP_published_series,68,1,raw,0.07753680646419525,0.15248259902000427,197.3311767578125,59.17365264892578,2545,2545
E0_past_7_days_same_hour_mean,MMSP_published_series,68,1,post,0.07753609120845795,0.15248259902000427,197.329345703125,59.17365264892578,2545,2545
E0_past_7_days_same_hour_mean,MMSP_published_series,68,4,raw,0.07753680646419525,0.15248259902000427,789.32470703125,236.6946258544922,10180,2545
E0_past_7_days_same_hour_mean,MMSP_published_series,68,4,post,0.07753608375787735,0.15248259902000427,789.3173217773438,236.6946258544922,10180,2545
E0_past_7_days_same_hour_mean,MMSP_published_series,68,24,raw,0.07756585627794266,0.15249459445476532,4737.72265625,1420.39111328125,61080,2545
E0_past_7_days_same_hour_mean,MMSP_published_series,68,24,post,0.0775650143623352,0.15249459445476532,4737.6708984375,1420.39111328125,61080,2545
E1_original_chronos2,MMSP_published_series,68,1,raw,0.03512607142329216,0.07898396998643875,89.3958511352539,15.876900672912598,2545,2545
E1_original_chronos2,MMSP_published_series,68,1,post,0.03511327877640724,0.07898367196321487,89.36329650878906,15.876779556274414,2545,2545
E1_original_chronos2,MMSP_published_series,68,4,raw,0.04685276374220848,0.10261517018079758,476.96112060546875,107.1941146850586,10180,2545
E1_original_chronos2,MMSP_published_series,68,4,post,0.04684574902057648,0.10261505097150803,476.88970947265625,107.19386291503906,10180,2545
E1_original_chronos2,MMSP_published_series,68,24,raw,0.0625997930765152,0.13720214366912842,3823.59521484375,1149.7960205078125,61080,2545
E1_original_chronos2,MMSP_published_series,68,24,post,0.06259464472532272,0.13720132410526276,3823.281005859375,1149.7823486328125,61080,2545
E0_last_value,MMSP_published_series,75,1,raw,0.05932410806417465,0.09883993119001389,150.9798583984375,24.86294937133789,2545,2545
E0_last_value,MMSP_published_series,75,1,post,0.05932410806417465,0.09883993119001389,150.9798583984375,24.86294937133789,2545,2545
E0_last_value,MMSP_published_series,75,4,raw,0.12954172492027283,0.2099255621433258,1318.7347412109375,448.61981201171875,10180,2545
E0_last_value,MMSP_published_series,75,4,post,0.12954172492027283,0.2099255621433258,1318.7347412109375,448.61981201171875,10180,2545
E0_last_value,MMSP_published_series,75,24,raw,0.2500194013118744,0.35316920280456543,15271.1845703125,7618.416015625,61080,2545
E0_last_value,MMSP_published_series,75,24,post,0.2500194013118744,0.35316920280456543,15271.1845703125,7618.416015625,61080,2545
E0_daily_seasonal_persistence,MMSP_published_series,75,1,raw,0.06239345669746399,0.1344902366399765,158.79135131835938,46.03300476074219,2545,2545
E0_daily_seasonal_persistence,MMSP_published_series,75,1,post,0.06239345669746399,0.1344902366399765,158.79135131835938,46.03300476074219,2545,2545
E0_daily_seasonal_persistence,MMSP_published_series,75,4,raw,0.062393464148044586,0.1344902366399765,635.1654663085938,184.13201904296875,10180,2545
E0_daily_seasonal_persistence,MMSP_published_series,75,4,post,0.062393464148044586,0.1344902366399765,635.1654663085938,184.13201904296875,10180,2545
E0_daily_seasonal_persistence,MMSP_published_series,75,24,raw,0.062170714139938354,0.1342826783657074,3797.38720703125,1101.384765625,61080,2545
E0_daily_seasonal_persistence,MMSP_published_series,75,24,post,0.062170714139938354,0.1342826783657074,3797.38720703125,1101.384765625,61080,2545
E0_past_7_days_same_hour_mean,MMSP_published_series,75,1,raw,0.05910896509885788,0.11642355471849442,150.43231201171875,34.49605941772461,2545,2545
E0_past_7_days_same_hour_mean,MMSP_published_series,75,1,post,0.05910896509885788,0.11642355471849442,150.43231201171875,34.49605941772461,2545,2545
E0_past_7_days_same_hour_mean,MMSP_published_series,75,4,raw,0.05910896509885788,0.11642356216907501,601.729248046875,137.9842529296875,10180,2545
E0_past_7_days_same_hour_mean,MMSP_published_series,75,4,post,0.05910896509885788,0.11642356216907501,601.729248046875,137.9842529296875,10180,2545
E0_past_7_days_same_hour_mean,MMSP_published_series,75,24,raw,0.05903062969446182,0.11633709818124771,3605.5908203125,826.67626953125,61080,2545
E0_past_7_days_same_hour_mean,MMSP_published_series,75,24,post,0.05903062969446182,0.11633709818124771,3605.5908203125,826.67626953125,61080,2545
E1_original_chronos2,MMSP_published_series,75,1,raw,0.027438730001449585,0.06002556160092354,69.8315658569336,9.169808387756348,2545,2545
E1_original_chronos2,MMSP_published_series,75,1,post,0.02743074670433998,0.060025498270988464,69.81124877929688,9.169788360595703,2545,2545
E1_original_chronos2,MMSP_published_series,75,4,raw,0.035233013331890106,0.0758148580789566,358.67205810546875,58.513545989990234,10180,2545
E1_original_chronos2,MMSP_published_series,75,4,post,0.03522820398211479,0.07581482827663422,358.62310791015625,58.51350402832031,10180,2545
E1_original_chronos2,MMSP_published_series,75,24,raw,0.04916217550635338,0.10425259917974472,3002.82568359375,663.8543701171875,61080,2545
E1_original_chronos2,MMSP_published_series,75,24,post,0.0491587296128273,0.10425258427858353,3002.615234375,663.8541870117188,61080,2545
E0_last_value,MMSP_published_series,78,1,raw,0.06575451791286469,0.11095872521400452,167.34524536132812,31.333629608154297,2545,2545
E0_last_value,MMSP_published_series,78,1,post,0.06575451791286469,0.11095872521400452,167.34524536132812,31.333629608154297,2545,2545
E0_last_value,MMSP_published_series,78,4,raw,0.13192836940288544,0.21713891625404358,1343.03076171875,479.97998046875,10180,2545
E0_last_value,MMSP_published_series,78,4,post,0.13192836940288544,0.21713891625404358,1343.03076171875,479.97998046875,10180,2545
E0_last_value,MMSP_published_series,78,24,raw,0.2509630620479584,0.35553503036499023,15328.8232421875,7720.8271484375,61080,2545
E0_last_value,MMSP_published_series,78,24,post,0.2509630620479584,0.35553503036499023,15328.8232421875,7720.8271484375,61080,2545
E0_daily_seasonal_persistence,MMSP_published_series,78,1,raw,0.08125510811805725,0.1697397381067276,206.79425048828125,73.32546997070312,2545,2545
E0_daily_seasonal_persistence,MMSP_published_series,78,1,post,0.08125510811805725,0.1697397381067276,206.79425048828125,73.32546997070312,2545,2545
E0_daily_seasonal_persistence,MMSP_published_series,78,4,raw,0.08125507831573486,0.1697397530078888,827.1766967773438,293.3019104003906,10180,2545
E0_daily_seasonal_persistence,MMSP_published_series,78,4,post,0.08125507831573486,0.1697397530078888,827.1766967773438,293.3019104003906,10180,2545
E0_daily_seasonal_persistence,MMSP_published_series,78,24,raw,0.08139115571975708,0.1698242723941803,4971.37158203125,1761.5643310546875,61080,2545
E0_daily_seasonal_persistence,MMSP_published_series,78,24,post,0.08139115571975708,0.1698242723941803,4971.37158203125,1761.5643310546875,61080,2545
E0_past_7_days_same_hour_mean,MMSP_published_series,78,1,raw,0.06501901149749756,0.12564441561698914,165.473388671875,40.17668914794922,2545,2545
E0_past_7_days_same_hour_mean,MMSP_published_series,78,1,post,0.06501901149749756,0.12564441561698914,165.473388671875,40.17668914794922,2545,2545
E0_past_7_days_same_hour_mean,MMSP_published_series,78,4,raw,0.06501902639865875,0.12564441561698914,661.8936767578125,160.70677185058594,10180,2545
E0_past_7_days_same_hour_mean,MMSP_published_series,78,4,post,0.06501902639865875,0.12564441561698914,661.8936767578125,160.70677185058594,10180,2545
E0_past_7_days_same_hour_mean,MMSP_published_series,78,24,raw,0.0650496855378151,0.12566432356834412,3973.23486328125,964.5460815429688,61080,2545
E0_past_7_days_same_hour_mean,MMSP_published_series,78,24,post,0.0650496855378151,0.12566432356834412,3973.23486328125,964.5460815429688,61080,2545
E1_original_chronos2,MMSP_published_series,78,1,raw,0.03755583614110947,0.07576828449964523,95.57960510253906,14.610419273376465,2545,2545
E1_original_chronos2,MMSP_published_series,78,1,post,0.037553343921899796,0.07576823234558105,95.57325744628906,14.61039924621582,2545,2545
E1_original_chronos2,MMSP_published_series,78,4,raw,0.049501046538352966,0.10042814910411835,503.920654296875,102.67357635498047,10180,2545
E1_original_chronos2,MMSP_published_series,78,4,post,0.049499765038490295,0.10042812675237656,503.9075927734375,102.67353820800781,10180,2545
E1_original_chronos2,MMSP_published_series,78,24,raw,0.06261487305164337,0.12895673513412476,3824.5166015625,1015.750732421875,61080,2545
E1_original_chronos2,MMSP_published_series,78,24,post,0.0626143217086792,0.12895673513412476,3824.48291015625,1015.7506103515625,61080,2545
E0_last_value,MMSP_published_series,80,1,raw,0.06015465408563614,0.10027826577425003,153.09359741210938,25.591835021972656,2545,2545
E0_last_value,MMSP_published_series,80,1,post,0.06015988439321518,0.10027819871902466,153.10690307617188,25.591800689697266,2545,2545
E0_last_value,MMSP_published_series,80,4,raw,0.12493851780891418,0.20474591851234436,1271.8741455078125,426.75469970703125,10180,2545
E0_last_value,MMSP_published_series,80,4,post,0.12494126707315445,0.20474372804164886,1271.902099609375,426.74554443359375,10180,2545
E0_last_value,MMSP_published_series,80,24,raw,0.23823167383670807,0.3364529609680176,14551.1904296875,6914.29296875,61080,2545
E0_last_value,MMSP_published_series,80,24,post,0.23822420835494995,0.3364447355270386,14550.734375,6913.95458984375,61080,2545
E0_daily_seasonal_persistence,MMSP_published_series,80,1,raw,0.07049200683832169,0.14523684978485107,179.40216064453125,53.683570861816406,2545,2545
E0_daily_seasonal_persistence,MMSP_published_series,80,1,post,0.0704815536737442,0.1452367603778839,179.37554931640625,53.683509826660156,2545,2545
E0_daily_seasonal_persistence,MMSP_published_series,80,4,raw,0.07049241662025452,0.14523683488368988,717.61279296875,214.73426818847656,10180,2545
E0_daily_seasonal_persistence,MMSP_published_series,80,4,post,0.0704815536737442,0.1452367603778839,717.502197265625,214.73403930664062,10180,2545
E0_daily_seasonal_persistence,MMSP_published_series,80,24,raw,0.0702749490737915,0.14504756033420563,4292.39404296875,1285.0496826171875,61080,2545
E0_daily_seasonal_persistence,MMSP_published_series,80,24,post,0.07026373594999313,0.14504748582839966,4291.708984375,1285.04833984375,61080,2545
E0_past_7_days_same_hour_mean,MMSP_published_series,80,1,raw,0.05975109338760376,0.11613111197948456,152.0665283203125,34.322975158691406,2545,2545
E0_past_7_days_same_hour_mean,MMSP_published_series,80,1,post,0.059740640223026276,0.11613108962774277,152.03993225097656,34.32296371459961,2545,2545
E0_past_7_days_same_hour_mean,MMSP_published_series,80,4,raw,0.059751152992248535,0.11613111197948456,608.2667236328125,137.29190063476562,10180,2545
E0_past_7_days_same_hour_mean,MMSP_published_series,80,4,post,0.05974063649773598,0.11613108962774277,608.15966796875,137.29185485839844,10180,2545
E0_past_7_days_same_hour_mean,MMSP_published_series,80,24,raw,0.05972712114453316,0.11609844118356705,3648.132568359375,823.2880249023438,61080,2545
E0_past_7_days_same_hour_mean,MMSP_published_series,80,24,post,0.05971655622124672,0.11609841883182526,3647.4873046875,823.2877807617188,61080,2545
E1_original_chronos2,MMSP_published_series,80,1,raw,0.03341688588261604,0.06794805079698563,85.04597473144531,11.750106811523438,2545,2545
E1_original_chronos2,MMSP_published_series,80,1,post,0.0333995446562767,0.06794790923595428,85.00183868408203,11.750057220458984,2545,2545
E1_original_chronos2,MMSP_published_series,80,4,raw,0.04443544149398804,0.09208593517541885,452.352783203125,86.3245620727539,10180,2545
E1_original_chronos2,MMSP_published_series,80,4,post,0.04442332312464714,0.09208586066961288,452.22943115234375,86.32441711425781,10180,2545
E1_original_chronos2,MMSP_published_series,80,24,raw,0.05653168633580208,0.11563598364591599,3452.955322265625,816.7422485351562,61080,2545
E1_original_chronos2,MMSP_published_series,80,24,post,0.05652663856744766,0.1156359612941742,3452.64697265625,816.7420043945312,61080,2545
E0_last_value,MMSP_published_series,84,1,raw,0.06090749055147171,0.10093851387500763,155.0095672607422,25.929946899414062,2545,2545
E0_last_value,MMSP_published_series,84,1,post,0.061606619507074356,0.10091472417116165,156.78884887695312,25.917724609375,2545,2545
E0_last_value,MMSP_published_series,84,4,raw,0.12943294644355774,0.21245023608207703,1317.6273193359375,459.475341796875,10180,2545
E0_last_value,MMSP_published_series,84,4,post,0.12988176941871643,0.21228820085525513,1322.1964111328125,458.77471923828125,10180,2545
E0_last_value,MMSP_published_series,84,24,raw,0.24908949434757233,0.35275232791900635,15214.38671875,7600.44091796875,61080,2545
E0_last_value,MMSP_published_series,84,24,post,0.24897193908691406,0.35224395990371704,15207.2060546875,7578.55078125,61080,2545
E0_daily_seasonal_persistence,MMSP_published_series,84,1,raw,0.07250441610813141,0.15182270109653473,184.52374267578125,58.66259002685547,2545,2545
E0_daily_seasonal_persistence,MMSP_published_series,84,1,post,0.07339607179164886,0.15182527899742126,186.79299926757812,58.664581298828125,2545,2545
E0_daily_seasonal_persistence,MMSP_published_series,84,4,raw,0.07250440865755081,0.15182270109653473,738.0949096679688,234.6503448486328,10180,2545
E0_daily_seasonal_persistence,MMSP_published_series,84,4,post,0.07339607179164886,0.15182527899742126,747.1719970703125,234.6583251953125,10180,2545
E0_daily_seasonal_persistence,MMSP_published_series,84,24,raw,0.07221636176109314,0.15151768922805786,4410.9755859375,1402.250732421875,61080,2545
E0_daily_seasonal_persistence,MMSP_published_series,84,24,post,0.0731070339679718,0.1515202671289444,4465.37744140625,1402.2984619140625,61080,2545
E0_past_7_days_same_hour_mean,MMSP_published_series,84,1,raw,0.061903487890958786,0.12169983983039856,157.54437255859375,37.69361877441406,2545,2545
E0_past_7_days_same_hour_mean,MMSP_published_series,84,1,post,0.0628139078617096,0.12170808017253876,159.86138916015625,37.6987190246582,2545,2545
E0_past_7_days_same_hour_mean,MMSP_published_series,84,4,raw,0.061903487890958786,0.12169983983039856,630.177490234375,150.77447509765625,10180,2545
E0_past_7_days_same_hour_mean,MMSP_published_series,84,4,post,0.0628139078617096,0.12170808762311935,639.4456176757812,150.79489135742188,10180,2545
E0_past_7_days_same_hour_mean,MMSP_published_series,84,24,raw,0.06184491515159607,0.12160389125347137,3777.4873046875,903.220947265625,61080,2545
E0_past_7_days_same_hour_mean,MMSP_published_series,84,24,post,0.06275459378957748,0.12161213159561157,3833.05078125,903.3433837890625,61080,2545
E1_original_chronos2,MMSP_published_series,84,1,raw,0.031334422528743744,0.06384573876857758,79.74610137939453,10.374129295349121,2545,2545
E1_original_chronos2,MMSP_published_series,84,1,post,0.031454671174287796,0.06384836882352829,80.05213928222656,10.374983787536621,2545,2545
E1_original_chronos2,MMSP_published_series,84,4,raw,0.04279201105237007,0.08808433264493942,435.6226806640625,78.98509216308594,10180,2545
E1_original_chronos2,MMSP_published_series,84,4,post,0.04289238527417183,0.08808591216802597,436.64447021484375,78.9879150390625,10180,2545
E1_original_chronos2,MMSP_published_series,84,24,raw,0.056659016758203506,0.11585711687803268,3460.732666015625,819.8690185546875,61080,2545
E1_original_chronos2,MMSP_published_series,84,24,post,0.05673689395189285,0.1158580631017685,3465.489501953125,819.8823852539062,61080,2545
E0_last_value,MMSP_published_series,85,1,raw,0.07088661938905716,0.13965854048728943,180.4064483642578,49.63896942138672,2545,2545
E0_last_value,MMSP_published_series,85,1,post,0.07124743610620499,0.139650359749794,181.32472229003906,49.633155822753906,2545,2545
E0_last_value,MMSP_published_series,85,4,raw,0.12720565497875214,0.22101065516471863,1294.95361328125,497.2493591308594,10180,2545
E0_last_value,MMSP_published_series,85,4,post,0.1274288296699524,0.22092978656291962,1297.2254638671875,496.885498046875,10180,2545
E0_last_value,MMSP_published_series,85,24,raw,0.2060331255197525,0.3182641267776489,12584.5029296875,6186.9189453125,61080,2545
E0_last_value,MMSP_published_series,85,24,post,0.20594388246536255,0.31800761818885803,12579.052734375,6176.9501953125,61080,2545
E0_daily_seasonal_persistence,MMSP_published_series,85,1,raw,0.09887168556451797,0.21017874777317047,251.62844848632812,112.42564392089844,2545,2545
E0_daily_seasonal_persistence,MMSP_published_series,85,1,post,0.09929171949625015,0.21016520261764526,252.69741821289062,112.4111557006836,2545,2545
E0_daily_seasonal_persistence,MMSP_published_series,85,4,raw,0.0988716185092926,0.21017874777317047,1006.5130615234375,449.7026062011719,10180,2545
E0_daily_seasonal_persistence,MMSP_published_series,85,4,post,0.09929178655147552,0.21016520261764526,1010.7904052734375,449.6446533203125,10180,2545
E0_daily_seasonal_persistence,MMSP_published_series,85,24,raw,0.09851749986410141,0.20957599580287933,6017.44873046875,2682.761962890625,61080,2545
E0_daily_seasonal_persistence,MMSP_published_series,85,24,post,0.09893723577260971,0.20956242084503174,6043.08642578125,2682.414306640625,61080,2545
E0_past_7_days_same_hour_mean,MMSP_published_series,85,1,raw,0.08986028283834457,0.169427290558815,228.69442749023438,73.05577087402344,2545,2545
E0_past_7_days_same_hour_mean,MMSP_published_series,85,1,post,0.09030578285455704,0.16942937672138214,229.82821655273438,73.05756378173828,2545,2545
E0_past_7_days_same_hour_mean,MMSP_published_series,85,4,raw,0.0898602232336998,0.1694273054599762,914.7770385742188,292.2231140136719,10180,2545
E0_past_7_days_same_hour_mean,MMSP_published_series,85,4,post,0.090305857360363,0.16942936182022095,919.3135986328125,292.230224609375,10180,2545
E0_past_7_days_same_hour_mean,MMSP_published_series,85,24,raw,0.08979392051696777,0.16910777986049652,5484.61279296875,1746.7315673828125,61080,2545
E0_past_7_days_same_hour_mean,MMSP_published_series,85,24,post,0.09023913741111755,0.16910983622074127,5511.806640625,1746.7742919921875,61080,2545
E1_original_chronos2,MMSP_published_series,85,1,raw,0.04998720437288284,0.11925404518842697,127.21743774414062,36.19378662109375,2545,2545
E1_original_chronos2,MMSP_published_series,85,1,post,0.05006124824285507,0.11925453692674637,127.40587615966797,36.19408416748047,2545,2545
E1_original_chronos2,MMSP_published_series,85,4,raw,0.07086382806301117,0.15403799712657928,721.3937377929688,241.5480194091797,10180,2545
E1_original_chronos2,MMSP_published_series,85,4,post,0.07093873620033264,0.15403839945793152,722.1563720703125,241.5492706298828,10180,2545
E1_original_chronos2,MMSP_published_series,85,24,raw,0.08944211155176163,0.17884370684623718,5463.1240234375,1953.648193359375,61080,2545
E1_original_chronos2,MMSP_published_series,85,24,post,0.08949744701385498,0.17884142696857452,5466.50390625,1953.5982666015625,61080,2545
