protocol,model,input,status,seed,input_len,output_len,test_windows,mae,rmse,r2,result_dir,source_report,source_result_dir
in_domain,Chronos-2,power,completed_in_BasicTS,42,24,24,25450,0.06612576353748548,0.13700772151806792,0.6921895487672798,/home/zhaopp/workspace/PV-TSFM/outputs/in_domain/legacy_20261010/Chronos-2/power/2d02b20b471a4568fe289eefedeb366b,/home/zhaopp/workspace/PV-TSFM/reports/legacy/chronos2_cpu_nwp_20261010.json,/home/zhaopp/workspace/BasicTS/outputs/in_domain/chronos2_cpu_nwp_20261010/power/2d02b20b471a4568fe289eefedeb366b
in_domain,Chronos-2,power_history_nwp,completed_in_BasicTS,42,24,24,25450,0.0674510166024145,0.13380876319196644,0.7063957169747191,/home/zhaopp/workspace/PV-TSFM/outputs/in_domain/legacy_20261010/Chronos-2/power_history_nwp/af174c7084c2bd9d74137bebc7b74d05,/home/zhaopp/workspace/PV-TSFM/reports/legacy/chronos2_cpu_nwp_20261010.json,/home/zhaopp/workspace/BasicTS/outputs/in_domain/chronos2_cpu_nwp_20261010/power_history_nwp/af174c7084c2bd9d74137bebc7b74d05
in_domain,Chronos-2,power_future_nwp,completed_in_BasicTS,42,24,24,25450,0.06327864530066583,0.13040214711904027,0.7211550663151136,/home/zhaopp/workspace/PV-TSFM/outputs/in_domain/legacy_20261010/Chronos-2/power_future_nwp/666057aaf43e617bc5c07807d5f42b30,/home/zhaopp/workspace/PV-TSFM/reports/legacy/chronos2_cpu_nwp_20261010.json,/home/zhaopp/workspace/BasicTS/outputs/in_domain/chronos2_cpu_nwp_20261010/power_future_nwp/666057aaf43e617bc5c07807d5f42b30
in_domain,Chronos-2,power_history_future_nwp,completed_in_BasicTS,42,24,24,25450,0.06090954076926931,0.11777119096394562,0.7725576115051715,/home/zhaopp/workspace/PV-TSFM/outputs/in_domain/legacy_20261010/Chronos-2/power_history_future_nwp/280595876b2765315be0b1d72096debc,/home/zhaopp/workspace/PV-TSFM/reports/legacy/chronos2_cpu_nwp_20261010.json,/home/zhaopp/workspace/BasicTS/outputs/in_domain/chronos2_cpu_nwp_20261010/power_history_future_nwp/280595876b2765315be0b1d72096debc
zeroshot_v1,Chronos-2,power,completed_in_BasicTS,42,24,24,25450,0.06612576353748548,0.13700772151806792,0.6921895487672798,/home/zhaopp/workspace/PV-TSFM/outputs/zeroshot_v1/legacy_20261010/Chronos-2/power/a2bdae6541fc02899c01df569e81819f,/home/zhaopp/workspace/PV-TSFM/reports/legacy/chronos2_cpu_nwp_20261010.json,/home/zhaopp/workspace/BasicTS/outputs/zeroshot_v1/chronos2_cpu_nwp_20261010/power/a2bdae6541fc02899c01df569e81819f
zeroshot_v1,Chronos-2,power_history_nwp,completed_in_BasicTS,42,24,24,25450,0.06762706539883111,0.13385069792262408,0.7062116610800808,/home/zhaopp/workspace/PV-TSFM/outputs/zeroshot_v1/legacy_20261010/Chronos-2/power_history_nwp/98b5e10f5fd6c8a3d67073b282550be6,/home/zhaopp/workspace/PV-TSFM/reports/legacy/chronos2_cpu_nwp_20261010.json,/home/zhaopp/workspace/BasicTS/outputs/zeroshot_v1/chronos2_cpu_nwp_20261010/power_history_nwp/98b5e10f5fd6c8a3d67073b282550be6
zeroshot_v1,Chronos-2,power_future_nwp,completed_in_BasicTS,42,24,24,25450,0.063249425525915,0.1303865059517301,0.7212219547642483,/home/zhaopp/workspace/PV-TSFM/outputs/zeroshot_v1/legacy_20261010/Chronos-2/power_future_nwp/495ddf0f1d8b1c1169743532116ccfdb,/home/zhaopp/workspace/PV-TSFM/reports/legacy/chronos2_cpu_nwp_20261010.json,/home/zhaopp/workspace/BasicTS/outputs/zeroshot_v1/chronos2_cpu_nwp_20261010/power_future_nwp/495ddf0f1d8b1c1169743532116ccfdb
zeroshot_v1,Chronos-2,power_history_future_nwp,completed_in_BasicTS,42,24,24,25450,0.06105234477797063,0.11789729959345052,0.7720702630431349,/home/zhaopp/workspace/PV-TSFM/outputs/zeroshot_v1/legacy_20261010/Chronos-2/power_history_future_nwp/94e1c8f57aeb73ad9ef9be7e81558b66,/home/zhaopp/workspace/PV-TSFM/reports/legacy/chronos2_cpu_nwp_20261010.json,/home/zhaopp/workspace/BasicTS/outputs/zeroshot_v1/chronos2_cpu_nwp_20261010/power_history_future_nwp/94e1c8f57aeb73ad9ef9be7e81558b66
zeroshot_v1,TimesFM3_official,power,completed_in_BasicTS,42,24,24,25450,0.1609576330796088,0.3048591707785281,-0.5240239841048824,/home/zhaopp/workspace/PV-TSFM/outputs/zeroshot_v1/legacy_20261010/TimesFM3_official/power/9634dc15d0118d4aa2cf92838d75226c,/home/zhaopp/workspace/PV-TSFM/reports/legacy/timesfm3_official_20261010.json,/home/zhaopp/workspace/BasicTS/outputs/zeroshot_v1/TimesFM3_official/20261010_seed42/9634dc15d0118d4aa2cf92838d75226c
in_domain,TimesFM3_official,power,completed_in_BasicTS,42,24,24,25450,0.1609576330796088,0.3048591707785281,-0.5240239841048824,/home/zhaopp/workspace/PV-TSFM/outputs/in_domain/legacy_20261010/TimesFM3_official/power/reused_from_zeroshot,/home/zhaopp/workspace/PV-TSFM/reports/legacy/timesfm3_official_20261010.json,/home/zhaopp/workspace/BasicTS/outputs/in_domain/TimesFM3_official/20261010_seed42/reused_from_zeroshot
in_domain,DLinear,power_coordinates,completed_in_BasicTS,42,24,24,25450,0.07754141851075573,0.12392542570963284,0.7481661455534558,/home/zhaopp/workspace/PV-TSFM/checkpoints/in_domain/legacy_20261010/DLinear/power_coordinates/f892b16805555e2fb6b6bf47dbc034ef,/home/zhaopp/workspace/PV-TSFM/reports/legacy/two_protocol_reproduction_20261010.json,/home/zhaopp/workspace/BasicTS/checkpoints/in_domain/reproduction_20261010/DLinear/f892b16805555e2fb6b6bf47dbc034ef
in_domain,PatchTST,power_coordinates,completed_in_BasicTS,42,24,24,25450,0.06388545466910436,0.11559199956112538,0.7808967465014476,/home/zhaopp/workspace/PV-TSFM/checkpoints/in_domain/legacy_20261010/PatchTST/power_coordinates/311fe8d084379afcdacd3ee6e2b3bd3b,/home/zhaopp/workspace/PV-TSFM/reports/legacy/two_protocol_reproduction_20261010.json,/home/zhaopp/workspace/BasicTS/checkpoints/in_domain/reproduction_20261010/PatchTST/311fe8d084379afcdacd3ee6e2b3bd3b
in_domain,FusionSF,power_satellite_future_nwp,no_final_test_results,42,24,24,,,,,/home/zhaopp/workspace/PV-TSFM/checkpoints/in_domain/legacy_20261010/FusionSF/ca862c2f74fb5f4eb788a861875a39e1,/home/zhaopp/workspace/PV-TSFM/reports/legacy/two_protocol_reproduction_20261010.json,
zeroshot_v1,DLinear,power_coordinates,pending_in_source_record,42,24,24,,,,,,/home/zhaopp/workspace/PV-TSFM/reports/legacy/two_protocol_reproduction_20261010.json,
zeroshot_v1,PatchTST,power_coordinates,pending_in_source_record,42,24,24,,,,,,/home/zhaopp/workspace/PV-TSFM/reports/legacy/two_protocol_reproduction_20261010.json,
zeroshot_v1,FusionSF,power_satellite_future_nwp,pending_in_source_record,42,24,24,,,,,,/home/zhaopp/workspace/PV-TSFM/reports/legacy/two_protocol_reproduction_20261010.json,
